{"cameraMode":{"drawMode":0,"name":"Shaded","section":"Shading Mode"},"sceneLighting":true,"audioPlay":false,"sceneViewState":{"showFog":true,"showMaterialUpdate":false,"showSkybox":true,"showFlares":true,"showImageEffects":true,"showParticleSystems":true},"in2DMode":false,"pivot":{"x":107.85486602783203,"y":230.2252960205078,"z":-258.6225891113281},"rotation":{"x":-0.38313591480255129,"y":0.18972134590148927,"z":-0.08138664066791535,"w":-0.9007144570350647},"size":4.939285755157471,"orthographic":false}