{"cameraMode":{"drawMode":0,"name":"Shaded","section":"Shading Mode"},"sceneLighting":true,"audioPlay":false,"sceneViewState":{"showFog":true,"showMaterialUpdate":false,"showSkybox":true,"showFlares":true,"showImageEffects":true,"showParticleSystems":true},"in2DMode":false,"pivot":{"x":56.688167572021487,"y":-38.40294647216797,"z":-75.9886703491211},"rotation":{"x":-0.17328251898288728,"y":-0.7451371550559998,"z":0.2126367837190628,"w":-0.6081907153129578},"size":110.28202056884766,"orthographic":false}