{"cameraMode":{"drawMode":0,"name":"Shaded","section":"Shading Mode"},"sceneLighting":true,"audioPlay":false,"sceneViewState":{"showFog":true,"showMaterialUpdate":false,"showSkybox":true,"showFlares":true,"showImageEffects":true,"showParticleSystems":true},"in2DMode":false,"pivot":{"x":29.001365661621095,"y":94.8892822265625,"z":440.2698669433594},"rotation":{"x":0.00688027311116457,"y":-0.9898021221160889,"z":0.13624070584774018,"w":0.04583902657032013},"size":4.289183139801025,"orthographic":false}